payment_id,order_id,payment_method,payment_status,payment_date
1,1,Credit Card,Success,2023-09-14
2,2,Debit Card,Success,2024-01-10
3,3,UPI,Failed,2023-10-29
4,4,Cash on Delivery,Pending,2023-07-13
5,5,Credit Card,Pending,2026-04-22
6,6,Cash on Delivery,Failed,2026-05-13
7,7,Debit Card,Success,2025-03-15
8,8,Credit Card,Refunded,2025-10-31
9,9,Net Banking,Refunded,2024-12-26
10,10,Net Banking,Failed,2025-10-14
11,11,Credit Card,Failed,2023-10-18
12,12,UPI,Success,2024-10-10
13,13,UPI,Success,2026-02-06
14,14,Cash on Delivery,Failed,2023-08-15
15,15,UPI,Pending,2024-03-30
16,16,UPI,Success,2023-10-20
17,17,Cash on Delivery,Failed,2024-03-27
18,18,Credit Card,Refunded,2023-12-09
19,19,Debit Card,Refunded,2024-01-04
20,20,Cash on Delivery,Success,2025-10-15
21,21,UPI,Pending,2024-08-11
22,22,Cash on Delivery,Refunded,2025-11-18
23,23,Credit Card,Failed,2026-03-02
24,24,Net Banking,Refunded,2025-04-10
25,25,UPI,Pending,2026-05-16
26,26,UPI,Failed,2026-03-08
27,27,Credit Card,Failed,2026-04-30
28,28,Debit Card,Success,2025-11-03
29,29,Credit Card,Refunded,2023-10-12
30,30,Debit Card,Success,2025-01-21
31,31,Cash on Delivery,Refunded,2023-10-06
32,32,Net Banking,Pending,2023-11-04
33,33,UPI,Failed,2026-06-05
34,34,Net Banking,Success,2026-04-29
35,35,UPI,Pending,2024-01-05
36,36,UPI,Pending,2025-02-15
37,37,Debit Card,Success,2025-02-12
38,38,Cash on Delivery,Failed,2023-12-21
39,39,Credit Card,Refunded,2025-07-24
40,40,Wallet,Failed,2023-07-08
41,41,Cash on Delivery,Success,2023-08-27
42,42,UPI,Success,2025-06-23
43,43,Wallet,Failed,2024-09-01
44,44,Debit Card,Pending,2025-04-21
45,45,Credit Card,Pending,2025-06-09
46,46,Wallet,Success,2024-01-16
47,47,Net Banking,Success,2025-12-17
48,48,Wallet,Pending,2024-03-24
49,49,Net Banking,Failed,2024-09-18
50,50,Cash on Delivery,Pending,2024-10-05
51,51,Wallet,Refunded,2026-06-29
52,52,Cash on Delivery,Success,2025-03-27
53,53,Net Banking,Failed,2024-12-09
54,54,UPI,Failed,2026-05-09
55,55,Cash on Delivery,Failed,2023-08-29
56,56,Debit Card,Pending,2025-08-19
57,57,Credit Card,Success,2025-07-27
58,58,Credit Card,Refunded,2025-01-10
59,59,Net Banking,Failed,2025-12-27
60,60,UPI,Success,2026-05-12
61,61,Wallet,Pending,2026-01-05
62,62,UPI,Refunded,2025-06-06
63,63,UPI,Failed,2025-05-13
64,64,Cash on Delivery,Pending,2023-08-01
65,65,Net Banking,Pending,2025-10-07
66,66,Net Banking,Refunded,2026-01-03
67,67,Wallet,Refunded,2025-06-02
68,68,Net Banking,Refunded,2023-08-20
69,69,Debit Card,Success,2026-06-17
70,70,Debit Card,Failed,2026-05-28
71,71,Net Banking,Pending,2023-12-08
72,72,Cash on Delivery,Pending,2024-01-06
73,73,Debit Card,Pending,2025-02-26
74,74,Credit Card,Failed,2025-10-24
75,75,Debit Card,Failed,2025-06-01
76,76,Net Banking,Pending,2023-11-19
77,77,Wallet,Success,2026-06-18
78,78,Cash on Delivery,Pending,2024-03-14
79,79,UPI,Failed,2023-09-16
80,80,Debit Card,Success,2025-11-03
81,81,Wallet,Refunded,2025-08-09
82,82,Cash on Delivery,Success,2024-11-01
83,83,Wallet,Pending,2025-11-22
84,84,UPI,Pending,2024-01-09
85,85,Cash on Delivery,Failed,2026-02-22
86,86,Credit Card,Refunded,2025-08-24
87,87,Credit Card,Success,2026-06-29
88,88,Cash on Delivery,Pending,2025-06-25
89,89,UPI,Refunded,2024-01-22
90,90,Cash on Delivery,Success,2024-03-28
91,91,Net Banking,Success,2025-04-22
92,92,Credit Card,Success,2024-02-27
93,93,Cash on Delivery,Success,2026-06-10
94,94,Cash on Delivery,Success,2025-10-01
95,95,Wallet,Refunded,2023-08-12
96,96,Net Banking,Refunded,2025-02-08
97,97,Wallet,Pending,2025-12-28
98,98,Credit Card,Success,2025-05-24
99,99,Debit Card,Pending,2023-11-29
100,100,UPI,Failed,2024-06-26
101,101,UPI,Failed,2025-08-27
102,102,Cash on Delivery,Success,2025-07-06
103,103,Net Banking,Success,2025-02-05
104,104,Wallet,Pending,2024-01-06
105,105,UPI,Failed,2025-04-22
106,106,Debit Card,Pending,2026-04-15
107,107,Credit Card,Success,2025-02-21
108,108,Debit Card,Refunded,2024-10-31
109,109,Debit Card,Failed,2024-07-15
110,110,Cash on Delivery,Success,2023-12-10
111,111,Debit Card,Pending,2024-09-07
112,112,UPI,Success,2026-01-01
113,113,Wallet,Refunded,2026-05-11
114,114,Debit Card,Failed,2024-10-16
115,115,Cash on Delivery,Success,2023-07-28
116,116,Wallet,Success,2024-08-02
117,117,Wallet,Pending,2023-09-27
118,118,Wallet,Refunded,2024-07-14
119,119,Cash on Delivery,Failed,2024-02-03
120,120,Wallet,Failed,2023-11-06
121,121,Net Banking,Refunded,2024-01-24
122,122,Debit Card,Refunded,2024-06-06
123,123,UPI,Success,2025-01-26
124,124,Credit Card,Refunded,2024-04-05
125,125,Debit Card,Failed,2023-12-20
126,126,Wallet,Success,2026-03-11
127,127,Net Banking,Success,2025-07-13
128,128,Credit Card,Refunded,2024-10-21
129,129,UPI,Failed,2025-01-12
130,130,Cash on Delivery,Pending,2023-09-14
131,131,Net Banking,Pending,2024-10-16
132,132,Net Banking,Pending,2023-11-05
133,133,Credit Card,Refunded,2024-03-02
134,134,Credit Card,Refunded,2026-07-01
135,135,Wallet,Pending,2023-10-16
136,136,Debit Card,Refunded,2024-05-10
137,137,Credit Card,Pending,2025-07-16
138,138,Cash on Delivery,Failed,2024-01-12
139,139,Cash on Delivery,Refunded,2025-12-26
140,140,Debit Card,Refunded,2023-11-08
141,141,Cash on Delivery,Success,2023-08-21
142,142,Credit Card,Success,2024-01-05
143,143,Cash on Delivery,Pending,2024-10-22
144,144,Credit Card,Refunded,2025-01-18
145,145,UPI,Success,2024-07-20
146,146,Wallet,Pending,2023-11-08
147,147,Wallet,Pending,2025-04-25
148,148,Credit Card,Failed,2025-04-04
149,149,Net Banking,Pending,2025-05-15
150,150,Net Banking,Pending,2025-10-30
151,151,UPI,Success,2025-07-11
152,152,Wallet,Success,2024-12-24
153,153,Net Banking,Refunded,2023-12-31
154,154,Debit Card,Failed,2026-01-17
155,155,UPI,Failed,2023-09-27
156,156,Wallet,Refunded,2025-11-20
157,157,Credit Card,Success,2023-11-13
158,158,Debit Card,Success,2024-03-28
159,159,Credit Card,Success,2023-08-12
160,160,Wallet,Pending,2025-04-11
161,161,Wallet,Pending,2025-02-11
162,162,Cash on Delivery,Success,2025-11-16
163,163,Net Banking,Failed,2026-07-05
164,164,Wallet,Failed,2024-05-13
165,165,UPI,Refunded,2025-01-09
166,166,Cash on Delivery,Success,2025-02-14
167,167,UPI,Success,2025-11-18
168,168,Credit Card,Pending,2025-06-09
169,169,Cash on Delivery,Failed,2025-02-15
170,170,Net Banking,Refunded,2024-02-17
171,171,Net Banking,Failed,2025-01-23
172,172,Debit Card,Pending,2024-05-10
173,173,Credit Card,Refunded,2024-06-13
174,174,Credit Card,Refunded,2026-04-03
175,175,Debit Card,Success,2024-03-09
176,176,UPI,Failed,2023-10-10
177,177,Net Banking,Pending,2024-09-20
178,178,UPI,Pending,2023-08-19
179,179,Credit Card,Success,2023-09-24
180,180,Wallet,Success,2025-05-10
181,181,Credit Card,Failed,2025-08-24
182,182,Credit Card,Pending,2026-03-30
183,183,Net Banking,Refunded,2026-01-19
184,184,UPI,Failed,2026-03-06
185,185,Debit Card,Success,2024-07-05
186,186,UPI,Failed,2026-01-07
187,187,Debit Card,Success,2024-06-01
188,188,Cash on Delivery,Pending,2026-01-24
189,189,Credit Card,Failed,2026-04-28
190,190,Credit Card,Success,2023-08-01
191,191,Wallet,Failed,2026-01-04
192,192,Net Banking,Failed,2026-03-23
193,193,Net Banking,Success,2025-12-28
194,194,Credit Card,Success,2025-10-13
195,195,Net Banking,Refunded,2025-11-13
196,196,Net Banking,Pending,2025-01-24
197,197,UPI,Success,2023-10-10
198,198,Credit Card,Success,2026-06-13
199,199,Debit Card,Success,2025-04-10
200,200,UPI,Refunded,2024-06-18
201,201,Net Banking,Refunded,2023-08-20
202,202,UPI,Failed,2025-06-08
203,203,Cash on Delivery,Pending,2025-05-25
204,204,Wallet,Refunded,2025-09-24
205,205,UPI,Pending,2025-07-05
206,206,Wallet,Success,2025-02-23
207,207,UPI,Pending,2025-04-07
208,208,Credit Card,Success,2024-12-19
209,209,Credit Card,Success,2023-07-29
210,210,Net Banking,Failed,2025-08-15
211,211,Wallet,Failed,2024-07-15
212,212,UPI,Failed,2023-07-11
213,213,Net Banking,Refunded,2025-01-21
214,214,Wallet,Success,2026-04-14
215,215,Wallet,Success,2024-05-12
216,216,UPI,Pending,2024-01-19
217,217,Debit Card,Refunded,2026-05-20
218,218,Net Banking,Pending,2024-11-15
219,219,Debit Card,Failed,2023-12-22
220,220,Net Banking,Pending,2025-04-04
221,221,Net Banking,Success,2024-11-18
222,222,UPI,Failed,2025-07-23
223,223,Credit Card,Failed,2025-01-30
224,224,Cash on Delivery,Pending,2025-03-11
225,225,Net Banking,Refunded,2024-01-01
226,226,Wallet,Pending,2023-10-11
227,227,Debit Card,Success,2025-02-21
228,228,Credit Card,Refunded,2026-01-20
229,229,Credit Card,Failed,2025-03-11
230,230,Debit Card,Refunded,2025-08-27
231,231,Credit Card,Failed,2026-06-28
232,232,Debit Card,Success,2024-06-25
233,233,Debit Card,Pending,2024-10-24
234,234,Debit Card,Success,2024-09-27
235,235,UPI,Failed,2023-08-11
236,236,Credit Card,Success,2025-07-18
237,237,Wallet,Success,2025-07-25
238,238,Credit Card,Pending,2025-07-25
239,239,Net Banking,Refunded,2023-12-29
240,240,UPI,Refunded,2025-02-02
241,241,Credit Card,Failed,2024-03-15
242,242,Net Banking,Pending,2025-06-24
243,243,Debit Card,Pending,2025-12-07
244,244,Credit Card,Failed,2025-07-26
245,245,UPI,Success,2023-08-18
246,246,Debit Card,Refunded,2025-12-25
247,247,UPI,Refunded,2025-08-08
248,248,UPI,Success,2025-05-20
249,249,Net Banking,Refunded,2026-04-22
250,250,UPI,Success,2025-04-29
251,251,Credit Card,Pending,2025-10-10
252,252,UPI,Pending,2026-01-15
253,253,Net Banking,Refunded,2025-08-09
254,254,Wallet,Success,2025-12-17
255,255,Debit Card,Refunded,2023-11-25
256,256,Net Banking,Failed,2026-03-27
257,257,Debit Card,Success,2023-10-09
258,258,Net Banking,Pending,2025-03-27
259,259,Net Banking,Refunded,2024-12-09
260,260,Credit Card,Pending,2025-05-22
261,261,Cash on Delivery,Pending,2025-09-10
262,262,UPI,Failed,2024-05-05
263,263,Cash on Delivery,Success,2023-09-06
264,264,Net Banking,Failed,2024-12-30
265,265,UPI,Failed,2023-08-04
266,266,Cash on Delivery,Success,2023-10-05
267,267,Cash on Delivery,Pending,2025-11-27
268,268,Debit Card,Refunded,2025-03-13
269,269,Credit Card,Refunded,2024-08-22
270,270,UPI,Pending,2025-02-18
271,271,Net Banking,Failed,2024-04-20
272,272,Net Banking,Refunded,2025-05-01
273,273,Net Banking,Refunded,2026-06-16
274,274,Debit Card,Failed,2026-05-25
275,275,Net Banking,Refunded,2023-09-13
276,276,Cash on Delivery,Success,2025-11-18
277,277,Wallet,Failed,2026-05-01
278,278,Net Banking,Refunded,2024-03-30
279,279,Debit Card,Pending,2025-03-26
280,280,Credit Card,Refunded,2024-07-01
281,281,Net Banking,Refunded,2024-09-28
282,282,Wallet,Refunded,2026-04-17
283,283,Credit Card,Pending,2025-05-14
284,284,Cash on Delivery,Success,2024-11-11
285,285,Credit Card,Failed,2026-04-01
286,286,Credit Card,Success,2026-06-16
287,287,Cash on Delivery,Failed,2023-08-11
288,288,UPI,Pending,2023-10-16
289,289,Net Banking,Refunded,2023-11-05
290,290,Net Banking,Pending,2026-02-21
291,291,Wallet,Success,2024-08-02
292,292,Net Banking,Pending,2025-07-01
293,293,Wallet,Pending,2026-05-31
294,294,UPI,Pending,2025-07-25
295,295,Cash on Delivery,Refunded,2024-09-16
296,296,Wallet,Success,2025-09-02
297,297,Wallet,Success,2023-07-18
298,298,Cash on Delivery,Refunded,2025-11-21
299,299,Debit Card,Pending,2026-03-14
300,300,Wallet,Refunded,2025-04-10
301,301,Debit Card,Pending,2026-03-16
302,302,Cash on Delivery,Failed,2024-03-08
303,303,Cash on Delivery,Failed,2024-04-18
304,304,Wallet,Failed,2023-07-09
305,305,UPI,Success,2024-01-07
306,306,Wallet,Pending,2024-12-11
307,307,Credit Card,Failed,2023-12-31
308,308,Net Banking,Refunded,2024-02-10
309,309,Debit Card,Failed,2024-01-21
310,310,Wallet,Failed,2024-04-20
311,311,Credit Card,Success,2023-08-11
312,312,UPI,Pending,2024-11-30
313,313,Net Banking,Refunded,2026-05-28
314,314,Credit Card,Success,2024-06-20
315,315,Wallet,Refunded,2023-09-11
316,316,Credit Card,Refunded,2024-10-20
317,317,Cash on Delivery,Failed,2025-01-10
318,318,Wallet,Success,2024-06-05
319,319,Cash on Delivery,Success,2025-10-21
320,320,Debit Card,Success,2023-11-13
321,321,UPI,Refunded,2024-06-04
322,322,UPI,Refunded,2023-10-02
323,323,Net Banking,Failed,2025-01-03
324,324,Net Banking,Success,2025-11-26
325,325,Credit Card,Failed,2025-06-14
326,326,Debit Card,Success,2024-04-26
327,327,Cash on Delivery,Failed,2024-05-22
328,328,Net Banking,Success,2025-06-29
329,329,Wallet,Failed,2024-04-09
330,330,Wallet,Success,2023-09-19
331,331,Cash on Delivery,Pending,2025-02-04
332,332,Wallet,Refunded,2025-08-14
333,333,Cash on Delivery,Pending,2024-11-22
334,334,Cash on Delivery,Success,2023-07-17
335,335,UPI,Refunded,2026-03-31
336,336,UPI,Refunded,2024-04-29
337,337,Debit Card,Refunded,2025-04-04
338,338,Credit Card,Success,2024-12-25
339,339,Net Banking,Refunded,2024-08-02
340,340,Debit Card,Pending,2025-06-29
341,341,Credit Card,Failed,2024-05-06
342,342,Debit Card,Failed,2024-05-16
343,343,Cash on Delivery,Failed,2024-09-21
344,344,Credit Card,Failed,2025-04-03
345,345,Credit Card,Failed,2024-07-19
346,346,Cash on Delivery,Failed,2024-04-24
347,347,Cash on Delivery,Failed,2023-07-29
348,348,Cash on Delivery,Pending,2023-11-14
349,349,UPI,Failed,2024-11-12
350,350,Wallet,Pending,2024-05-14
351,351,UPI,Refunded,2025-06-01
352,352,Debit Card,Failed,2023-12-10
353,353,Wallet,Pending,2023-09-23
354,354,Cash on Delivery,Success,2024-01-28
355,355,UPI,Pending,2025-04-27
356,356,Wallet,Failed,2024-11-27
357,357,Cash on Delivery,Pending,2025-05-28
358,358,UPI,Failed,2026-06-26
359,359,Credit Card,Failed,2023-09-05
360,360,Net Banking,Pending,2023-07-21
361,361,Net Banking,Pending,2024-09-12
362,362,Cash on Delivery,Failed,2024-01-15
363,363,Cash on Delivery,Pending,2024-04-29
364,364,UPI,Failed,2025-09-23
365,365,Credit Card,Failed,2026-06-14
366,366,Wallet,Success,2025-07-02
367,367,UPI,Refunded,2024-04-10
368,368,UPI,Success,2026-05-18
369,369,Wallet,Success,2025-04-21
370,370,Cash on Delivery,Pending,2025-05-13
371,371,Credit Card,Refunded,2023-11-20
372,372,Wallet,Refunded,2025-05-27
373,373,Net Banking,Failed,2023-11-30
374,374,Debit Card,Success,2024-04-05
375,375,UPI,Refunded,2025-04-14
376,376,Wallet,Pending,2025-03-11
377,377,Debit Card,Pending,2024-12-15
378,378,Cash on Delivery,Failed,2024-04-11
379,379,Wallet,Refunded,2025-09-23
380,380,Net Banking,Success,2023-08-10
381,381,Cash on Delivery,Failed,2025-12-06
382,382,Cash on Delivery,Success,2023-07-19
383,383,UPI,Pending,2026-03-03
384,384,UPI,Failed,2024-08-25
385,385,Net Banking,Pending,2023-07-11
386,386,Cash on Delivery,Pending,2025-04-22
387,387,Cash on Delivery,Success,2023-10-28
388,388,Debit Card,Failed,2025-03-09
389,389,Cash on Delivery,Failed,2025-01-14
390,390,Credit Card,Success,2025-06-27
391,391,Wallet,Failed,2024-11-19
392,392,UPI,Success,2024-01-13
393,393,UPI,Success,2025-12-13
394,394,UPI,Pending,2025-08-29
395,395,Wallet,Success,2024-04-10
396,396,Credit Card,Refunded,2024-03-16
397,397,Wallet,Failed,2023-08-24
398,398,Wallet,Pending,2024-12-19
399,399,Credit Card,Failed,2024-01-15
400,400,Wallet,Refunded,2026-06-10
401,401,Credit Card,Pending,2026-07-01
402,402,Credit Card,Pending,2024-05-03
403,403,UPI,Failed,2024-02-04
404,404,Net Banking,Success,2026-05-24
405,405,Debit Card,Failed,2026-06-17
406,406,Credit Card,Failed,2026-05-10
407,407,Credit Card,Success,2024-03-13
408,408,Wallet,Refunded,2026-06-12
409,409,Net Banking,Refunded,2023-07-12
410,410,Debit Card,Failed,2023-10-09
411,411,Wallet,Success,2026-04-30
412,412,Credit Card,Success,2024-01-10
413,413,Cash on Delivery,Refunded,2024-07-20
414,414,Net Banking,Refunded,2024-01-10
415,415,Wallet,Pending,2023-12-05
416,416,Debit Card,Success,2024-01-23
417,417,Wallet,Success,2023-12-16
418,418,Cash on Delivery,Pending,2025-03-20
419,419,UPI,Success,2023-12-15
420,420,Credit Card,Refunded,2024-10-27
421,421,Debit Card,Pending,2026-04-12
422,422,Net Banking,Pending,2026-05-12
423,423,UPI,Refunded,2025-05-14
424,424,Debit Card,Failed,2024-05-08
425,425,Wallet,Pending,2025-10-21
426,426,UPI,Refunded,2023-10-01
427,427,Debit Card,Success,2026-04-28
428,428,Net Banking,Failed,2024-08-25
429,429,Debit Card,Success,2025-08-23
430,430,Wallet,Failed,2025-09-28
431,431,Wallet,Pending,2024-03-26
432,432,Debit Card,Failed,2026-05-30
433,433,Credit Card,Pending,2023-10-07
434,434,Net Banking,Refunded,2026-05-24
435,435,Credit Card,Failed,2026-03-05
436,436,UPI,Pending,2023-08-14
437,437,Credit Card,Refunded,2023-09-30
438,438,Net Banking,Failed,2023-11-11
439,439,UPI,Refunded,2025-06-13
440,440,Cash on Delivery,Success,2025-04-23
441,441,Net Banking,Pending,2024-03-12
442,442,UPI,Success,2024-10-26
443,443,Credit Card,Success,2024-01-10
444,444,Cash on Delivery,Pending,2024-08-21
445,445,Cash on Delivery,Failed,2025-02-26
446,446,Credit Card,Refunded,2023-09-21
447,447,Credit Card,Success,2023-12-25
448,448,Debit Card,Pending,2024-06-13
449,449,Net Banking,Pending,2025-01-29
450,450,Wallet,Pending,2024-06-23
451,451,UPI,Success,2026-01-14
452,452,UPI,Refunded,2026-02-15
453,453,Net Banking,Failed,2024-06-01
454,454,Cash on Delivery,Success,2025-04-24
455,455,Credit Card,Pending,2025-05-03
456,456,Net Banking,Pending,2024-08-12
457,457,Debit Card,Pending,2025-05-09
458,458,Credit Card,Refunded,2024-06-30
459,459,Credit Card,Refunded,2026-06-12
460,460,Net Banking,Refunded,2024-03-19
461,461,Net Banking,Refunded,2023-10-15
462,462,Wallet,Pending,2025-10-23
463,463,Wallet,Success,2025-08-16
464,464,UPI,Failed,2024-04-02
465,465,Credit Card,Pending,2023-11-15
466,466,UPI,Refunded,2025-01-08
467,467,Cash on Delivery,Success,2023-09-17
468,468,UPI,Success,2024-07-29
469,469,UPI,Pending,2024-04-19
470,470,Wallet,Pending,2024-07-10
471,471,Net Banking,Pending,2026-06-15
472,472,Net Banking,Refunded,2025-12-31
473,473,Cash on Delivery,Failed,2025-05-07
474,474,Cash on Delivery,Success,2026-01-19
475,475,Wallet,Success,2024-12-12
476,476,Cash on Delivery,Success,2023-09-14
477,477,Credit Card,Failed,2025-02-16
478,478,Net Banking,Pending,2025-07-31
479,479,Credit Card,Success,2026-03-29
480,480,Credit Card,Refunded,2026-05-25
481,481,Cash on Delivery,Success,2025-12-25
482,482,Credit Card,Refunded,2025-02-06
483,483,Cash on Delivery,Failed,2023-10-22
484,484,Debit Card,Refunded,2024-03-28
485,485,UPI,Pending,2025-12-24
486,486,Wallet,Pending,2026-02-10
487,487,UPI,Refunded,2024-11-10
488,488,Debit Card,Refunded,2024-08-15
489,489,Debit Card,Failed,2024-10-22
490,490,Cash on Delivery,Success,2024-05-12
491,491,UPI,Success,2024-12-07
492,492,Debit Card,Refunded,2024-04-20
493,493,Credit Card,Pending,2025-03-10
494,494,Net Banking,Pending,2025-12-14
495,495,Debit Card,Refunded,2024-09-26
496,496,Credit Card,Failed,2024-04-03
497,497,Net Banking,Success,2025-06-13
498,498,Wallet,Pending,2024-03-14
499,499,Debit Card,Pending,2025-05-08
500,500,Debit Card,Refunded,2024-06-26
501,501,Debit Card,Pending,2025-07-11
502,502,Wallet,Success,2024-04-21
503,503,UPI,Pending,2023-12-27
504,504,Net Banking,Pending,2023-10-03
505,505,Debit Card,Pending,2024-12-28
506,506,Wallet,Pending,2023-12-29
507,507,Net Banking,Refunded,2026-05-28
508,508,Debit Card,Refunded,2025-02-21
509,509,UPI,Refunded,2023-11-24
510,510,Credit Card,Pending,2026-03-24
511,511,Credit Card,Success,2024-10-27
512,512,Wallet,Refunded,2024-05-05
513,513,Debit Card,Success,2024-11-25
514,514,UPI,Failed,2025-09-12
515,515,Debit Card,Pending,2025-10-13
516,516,Net Banking,Pending,2023-08-11
517,517,UPI,Success,2024-06-22
518,518,Wallet,Failed,2024-11-17
519,519,UPI,Refunded,2026-05-01
520,520,Cash on Delivery,Refunded,2024-09-14
521,521,Cash on Delivery,Success,2025-11-17
522,522,Cash on Delivery,Failed,2025-05-12
523,523,Cash on Delivery,Failed,2024-12-12
524,524,Net Banking,Pending,2025-06-02
525,525,Debit Card,Failed,2025-07-10
526,526,Net Banking,Refunded,2025-04-16
527,527,Cash on Delivery,Pending,2025-03-14
528,528,Debit Card,Pending,2025-04-18
529,529,Debit Card,Failed,2025-12-07
530,530,Debit Card,Refunded,2026-03-28
531,531,Wallet,Refunded,2024-03-06
532,532,Credit Card,Pending,2026-04-10
533,533,Credit Card,Pending,2024-09-13
534,534,Debit Card,Failed,2024-08-30
535,535,Debit Card,Pending,2023-12-18
536,536,Net Banking,Failed,2023-09-20
537,537,Debit Card,Success,2026-02-26
538,538,Cash on Delivery,Refunded,2025-04-26
539,539,UPI,Pending,2025-11-16
540,540,UPI,Pending,2026-03-22
541,541,Cash on Delivery,Success,2024-12-11
542,542,Cash on Delivery,Pending,2025-10-29
543,543,Cash on Delivery,Refunded,2026-02-27
544,544,Cash on Delivery,Pending,2023-11-21
545,545,Net Banking,Pending,2023-10-12
546,546,Cash on Delivery,Refunded,2025-11-28
547,547,Wallet,Pending,2026-06-14
548,548,Wallet,Success,2023-10-22
549,549,UPI,Pending,2025-01-26
550,550,Net Banking,Failed,2025-07-04
551,551,Cash on Delivery,Failed,2023-11-26
552,552,Net Banking,Success,2024-04-10
553,553,Cash on Delivery,Refunded,2025-07-27
554,554,UPI,Failed,2023-11-26
555,555,UPI,Pending,2023-12-04
556,556,Credit Card,Success,2024-12-20
557,557,Debit Card,Success,2023-09-18
558,558,Wallet,Pending,2024-03-14
559,559,Net Banking,Success,2026-06-20
560,560,Net Banking,Failed,2026-02-06
561,561,Wallet,Pending,2023-07-08
562,562,Debit Card,Success,2026-04-27
563,563,Debit Card,Refunded,2026-06-11
564,564,Credit Card,Failed,2024-10-03
565,565,Debit Card,Failed,2026-06-27
566,566,Cash on Delivery,Pending,2025-02-08
567,567,Cash on Delivery,Failed,2025-03-01
568,568,Cash on Delivery,Failed,2024-02-26
569,569,Cash on Delivery,Pending,2024-02-12
570,570,Debit Card,Pending,2024-09-19
571,571,Net Banking,Failed,2025-11-28
572,572,Wallet,Refunded,2025-09-04
573,573,UPI,Pending,2023-12-07
574,574,UPI,Pending,2023-12-30
575,575,Net Banking,Success,2025-05-01
576,576,Debit Card,Failed,2024-03-26
577,577,Cash on Delivery,Failed,2025-01-07
578,578,Debit Card,Failed,2024-01-07
579,579,Cash on Delivery,Pending,2025-11-11
580,580,Net Banking,Failed,2026-03-24
581,581,Wallet,Pending,2026-02-27
582,582,Net Banking,Success,2023-07-16
583,583,Net Banking,Success,2025-03-21
584,584,Wallet,Success,2026-03-19
585,585,Wallet,Pending,2026-05-29
586,586,Wallet,Success,2025-03-31
587,587,Credit Card,Failed,2025-10-19
588,588,UPI,Refunded,2024-12-22
589,589,Credit Card,Failed,2025-12-16
590,590,Debit Card,Refunded,2024-08-21
591,591,Wallet,Pending,2023-09-17
592,592,Wallet,Refunded,2024-03-01
593,593,Cash on Delivery,Pending,2025-07-15
594,594,Wallet,Failed,2025-10-20
595,595,UPI,Success,2026-02-10
596,596,Credit Card,Pending,2025-01-27
597,597,Net Banking,Failed,2024-07-07
598,598,Wallet,Refunded,2024-09-14
599,599,Wallet,Pending,2024-05-05
600,600,Cash on Delivery,Refunded,2025-06-02
601,601,Wallet,Refunded,2024-12-03
602,602,Wallet,Success,2023-12-29
603,603,Debit Card,Pending,2024-02-15
604,604,Wallet,Success,2024-05-04
605,605,Net Banking,Pending,2023-09-27
606,606,Debit Card,Failed,2026-05-30
607,607,UPI,Failed,2024-02-28
608,608,Cash on Delivery,Pending,2023-08-16
609,609,Wallet,Pending,2024-09-13
610,610,Wallet,Failed,2026-01-19
611,611,UPI,Pending,2026-06-12
612,612,Cash on Delivery,Success,2024-06-06
613,613,Credit Card,Refunded,2025-10-12
614,614,Wallet,Pending,2024-08-08
615,615,Cash on Delivery,Failed,2026-06-20
616,616,Credit Card,Failed,2025-08-02
617,617,Net Banking,Success,2025-04-10
618,618,Net Banking,Pending,2025-12-04
619,619,Wallet,Failed,2026-04-01
620,620,Credit Card,Refunded,2023-11-17
621,621,Debit Card,Failed,2026-06-28
622,622,Cash on Delivery,Pending,2026-02-06
623,623,Net Banking,Pending,2025-08-14
624,624,Wallet,Success,2024-11-27
625,625,Net Banking,Success,2024-08-11
626,626,Net Banking,Success,2024-12-19
627,627,Wallet,Pending,2026-05-27
628,628,Credit Card,Failed,2023-11-19
629,629,Credit Card,Refunded,2024-07-12
630,630,Net Banking,Pending,2024-08-25
631,631,Net Banking,Refunded,2023-12-05
632,632,Credit Card,Refunded,2024-03-28
633,633,Cash on Delivery,Failed,2024-08-06
634,634,Credit Card,Success,2023-12-05
635,635,Debit Card,Refunded,2025-01-21
636,636,Cash on Delivery,Failed,2025-04-27
637,637,Cash on Delivery,Pending,2025-06-28
638,638,Cash on Delivery,Failed,2025-10-17
639,639,Net Banking,Pending,2024-04-06
640,640,Debit Card,Success,2026-05-30
641,641,UPI,Failed,2024-09-23
642,642,Credit Card,Failed,2023-11-15
643,643,Wallet,Refunded,2025-03-26
644,644,Net Banking,Refunded,2023-09-11
645,645,Cash on Delivery,Pending,2024-02-24
646,646,Cash on Delivery,Refunded,2025-09-09
647,647,UPI,Failed,2025-07-28
648,648,Cash on Delivery,Failed,2025-04-02
649,649,Wallet,Success,2026-04-13
650,650,Credit Card,Failed,2025-07-08
651,651,Credit Card,Failed,2026-01-29
652,652,Wallet,Pending,2025-11-29
653,653,UPI,Pending,2026-03-30
654,654,Cash on Delivery,Success,2023-09-21
655,655,Wallet,Refunded,2024-11-22
656,656,Cash on Delivery,Success,2024-10-05
657,657,Cash on Delivery,Success,2026-06-24
658,658,Cash on Delivery,Pending,2023-12-08
659,659,Wallet,Failed,2024-08-09
660,660,Cash on Delivery,Pending,2026-05-13
661,661,UPI,Pending,2025-07-13
662,662,Credit Card,Refunded,2025-09-21
663,663,Wallet,Success,2024-02-10
664,664,Cash on Delivery,Refunded,2023-09-02
665,665,Credit Card,Refunded,2024-07-07
666,666,Wallet,Pending,2024-04-30
667,667,Cash on Delivery,Pending,2023-10-16
668,668,Wallet,Pending,2026-06-06
669,669,Debit Card,Pending,2024-02-10
670,670,UPI,Success,2024-01-10
671,671,Debit Card,Success,2026-03-09
672,672,Debit Card,Failed,2025-07-04
673,673,Net Banking,Success,2024-10-19
674,674,Credit Card,Refunded,2024-07-26
675,675,Cash on Delivery,Pending,2025-09-05
676,676,Net Banking,Refunded,2025-06-25
677,677,Wallet,Success,2026-03-27
678,678,Cash on Delivery,Pending,2024-07-08
679,679,UPI,Failed,2024-01-28
680,680,Net Banking,Refunded,2025-06-07
681,681,Wallet,Success,2023-09-19
682,682,Credit Card,Refunded,2025-02-16
683,683,Credit Card,Refunded,2023-08-26
684,684,Wallet,Failed,2023-10-25
685,685,Net Banking,Success,2024-10-07
686,686,Credit Card,Success,2025-10-02
687,687,Credit Card,Failed,2025-11-19
688,688,Net Banking,Refunded,2025-06-20
689,689,UPI,Failed,2025-08-17
690,690,Credit Card,Pending,2026-04-02
691,691,Net Banking,Refunded,2025-11-26
692,692,Credit Card,Failed,2024-06-08
693,693,Debit Card,Refunded,2026-01-08
694,694,Wallet,Pending,2023-07-20
695,695,Credit Card,Pending,2025-04-22
696,696,Debit Card,Success,2025-05-26
697,697,Debit Card,Refunded,2023-08-22
698,698,UPI,Failed,2024-06-03
699,699,UPI,Success,2025-05-12
700,700,Debit Card,Success,2023-09-22
701,701,Net Banking,Refunded,2026-04-21
702,702,Net Banking,Success,2024-01-29
703,703,Debit Card,Failed,2025-11-13
704,704,UPI,Success,2025-06-18
705,705,Wallet,Pending,2025-09-27
706,706,Debit Card,Success,2025-11-14
707,707,Net Banking,Refunded,2025-06-29
708,708,Debit Card,Success,2026-06-01
709,709,Cash on Delivery,Failed,2023-09-30
710,710,Cash on Delivery,Pending,2024-07-13
711,711,Debit Card,Failed,2026-03-12
712,712,Wallet,Pending,2025-01-06
713,713,Credit Card,Pending,2025-02-10
714,714,UPI,Failed,2025-05-02
715,715,Cash on Delivery,Success,2025-02-18
716,716,Wallet,Failed,2023-07-20
717,717,Wallet,Failed,2025-04-09
718,718,Cash on Delivery,Pending,2024-08-16
719,719,Cash on Delivery,Success,2025-03-07
720,720,Cash on Delivery,Failed,2026-07-01
721,721,Credit Card,Success,2024-04-10
722,722,UPI,Success,2026-04-08
723,723,Net Banking,Failed,2025-12-11
724,724,Credit Card,Pending,2026-06-20
725,725,Net Banking,Failed,2023-12-04
726,726,Net Banking,Refunded,2025-11-08
727,727,Net Banking,Failed,2026-04-28
728,728,Cash on Delivery,Failed,2023-10-20
729,729,UPI,Pending,2024-12-01
730,730,Cash on Delivery,Refunded,2024-10-30
731,731,Debit Card,Refunded,2024-09-17
732,732,Wallet,Failed,2025-12-08
733,733,Net Banking,Success,2025-11-18
734,734,Net Banking,Refunded,2024-10-31
735,735,Cash on Delivery,Failed,2024-05-04
736,736,UPI,Refunded,2023-12-20
737,737,UPI,Failed,2025-08-16
738,738,Wallet,Failed,2023-08-13
739,739,UPI,Success,2025-05-09
740,740,Net Banking,Pending,2024-05-02
741,741,Debit Card,Refunded,2026-03-04
742,742,Debit Card,Failed,2024-06-24
743,743,Debit Card,Pending,2024-05-11
744,744,Debit Card,Pending,2024-07-08
745,745,Credit Card,Failed,2025-06-28
746,746,Wallet,Success,2024-04-17
747,747,UPI,Failed,2026-02-22
748,748,Credit Card,Refunded,2024-07-21
749,749,Wallet,Refunded,2025-12-19
750,750,Net Banking,Pending,2024-11-13
751,751,Cash on Delivery,Refunded,2024-02-17
752,752,Wallet,Refunded,2025-02-11
753,753,Net Banking,Pending,2023-10-06
754,754,Debit Card,Success,2025-08-23
755,755,UPI,Failed,2023-08-25
756,756,Debit Card,Failed,2025-02-17
757,757,Net Banking,Pending,2024-12-16
758,758,Wallet,Success,2026-03-05
759,759,Cash on Delivery,Pending,2025-05-30
760,760,Cash on Delivery,Pending,2025-08-13
761,761,Net Banking,Success,2026-01-27
762,762,UPI,Failed,2023-11-25
763,763,Wallet,Pending,2024-08-27
764,764,Net Banking,Pending,2024-11-16
765,765,Debit Card,Success,2023-12-26
766,766,Debit Card,Refunded,2026-05-11
767,767,Cash on Delivery,Refunded,2025-04-04
768,768,Credit Card,Refunded,2025-09-21
769,769,Net Banking,Pending,2024-03-01
770,770,UPI,Pending,2026-04-27
771,771,Debit Card,Success,2024-05-26
772,772,Wallet,Failed,2025-06-21
773,773,Debit Card,Pending,2024-07-30
774,774,UPI,Success,2024-06-29
775,775,Debit Card,Success,2025-04-09
776,776,Credit Card,Failed,2024-07-07
777,777,Debit Card,Failed,2026-02-15
778,778,UPI,Pending,2025-06-26
779,779,Credit Card,Success,2024-12-16
780,780,Credit Card,Pending,2026-04-10
781,781,Cash on Delivery,Failed,2025-01-01
782,782,Credit Card,Success,2026-03-17
783,783,Net Banking,Success,2024-11-27
784,784,UPI,Pending,2023-08-23
785,785,Credit Card,Pending,2025-06-04
786,786,Credit Card,Failed,2025-09-03
787,787,Credit Card,Pending,2024-08-12
788,788,Debit Card,Pending,2025-04-09
789,789,UPI,Refunded,2026-01-19
790,790,Net Banking,Refunded,2023-08-09
791,791,Credit Card,Failed,2026-06-28
792,792,Wallet,Success,2023-09-04
793,793,Wallet,Refunded,2025-04-15
794,794,Cash on Delivery,Success,2025-01-11
795,795,Cash on Delivery,Success,2025-05-30
796,796,Net Banking,Failed,2025-05-30
797,797,Cash on Delivery,Success,2023-07-27
798,798,Net Banking,Success,2024-12-16
799,799,UPI,Success,2024-02-08
800,800,Wallet,Success,2025-06-26
801,801,Cash on Delivery,Failed,2025-09-12
802,802,Wallet,Pending,2025-01-12
803,803,UPI,Refunded,2025-04-23
804,804,Debit Card,Pending,2024-11-04
805,805,Wallet,Failed,2026-01-08
806,806,Debit Card,Success,2026-06-16
807,807,Cash on Delivery,Pending,2026-01-28
808,808,Credit Card,Failed,2026-01-10
809,809,Net Banking,Refunded,2024-02-17
810,810,Debit Card,Refunded,2024-06-06
811,811,Cash on Delivery,Failed,2024-08-04
812,812,UPI,Pending,2026-03-28
813,813,UPI,Pending,2025-04-03
814,814,Debit Card,Failed,2024-10-15
815,815,Net Banking,Refunded,2025-07-03
816,816,Debit Card,Refunded,2024-04-21
817,817,Net Banking,Success,2023-08-02
818,818,Wallet,Pending,2023-09-08
819,819,Cash on Delivery,Failed,2024-03-28
820,820,Credit Card,Pending,2023-07-23
821,821,Net Banking,Refunded,2023-08-05
822,822,Credit Card,Pending,2023-09-14
823,823,Credit Card,Failed,2024-08-10
824,824,Credit Card,Pending,2025-04-20
825,825,Wallet,Success,2024-09-05
826,826,Net Banking,Refunded,2025-03-17
827,827,Wallet,Refunded,2023-08-23
828,828,Net Banking,Failed,2025-07-19
829,829,UPI,Pending,2024-06-22
830,830,Net Banking,Refunded,2025-01-24
831,831,Wallet,Success,2026-01-10
832,832,Net Banking,Pending,2024-09-08
833,833,Credit Card,Success,2024-06-23
834,834,Net Banking,Pending,2024-02-28
835,835,Cash on Delivery,Success,2025-09-22
836,836,Net Banking,Refunded,2025-12-31
837,837,Cash on Delivery,Pending,2025-01-02
838,838,Credit Card,Refunded,2024-11-08
839,839,Debit Card,Success,2024-08-09
840,840,Credit Card,Failed,2023-12-24
841,841,Credit Card,Success,2024-01-22
842,842,Debit Card,Refunded,2023-11-19
843,843,Wallet,Failed,2023-08-29
844,844,Wallet,Refunded,2025-10-21
845,845,Credit Card,Success,2024-07-07
846,846,Debit Card,Pending,2024-09-05
847,847,Wallet,Failed,2024-08-06
848,848,Cash on Delivery,Pending,2025-02-27
849,849,Cash on Delivery,Failed,2025-08-21
850,850,Cash on Delivery,Pending,2024-10-14
851,851,Wallet,Pending,2024-02-19
852,852,UPI,Failed,2025-08-21
853,853,Debit Card,Refunded,2025-07-07
854,854,UPI,Failed,2023-07-13
855,855,UPI,Success,2026-04-28
856,856,UPI,Pending,2024-04-27
857,857,Credit Card,Refunded,2023-08-23
858,858,Net Banking,Failed,2024-10-14
859,859,Wallet,Refunded,2024-10-16
860,860,Wallet,Success,2025-12-17
861,861,Net Banking,Pending,2025-03-06
862,862,Debit Card,Failed,2026-02-01
863,863,Wallet,Success,2024-09-22
864,864,Debit Card,Refunded,2024-05-29
865,865,Wallet,Success,2025-03-02
866,866,Cash on Delivery,Refunded,2024-09-24
867,867,Cash on Delivery,Refunded,2026-01-26
868,868,Net Banking,Pending,2024-04-18
869,869,UPI,Success,2025-10-02
870,870,Wallet,Failed,2024-06-02
871,871,Debit Card,Failed,2023-09-21
872,872,Wallet,Failed,2024-10-17
873,873,Net Banking,Refunded,2025-08-22
874,874,UPI,Pending,2024-11-29
875,875,Debit Card,Pending,2026-02-05
876,876,Cash on Delivery,Pending,2024-06-30
877,877,Cash on Delivery,Success,2025-10-28
878,878,Wallet,Refunded,2025-11-06
879,879,UPI,Success,2023-12-03
880,880,Cash on Delivery,Pending,2024-03-02
881,881,Net Banking,Failed,2024-09-19
882,882,Debit Card,Success,2024-11-27
883,883,Cash on Delivery,Success,2026-06-26
884,884,Cash on Delivery,Refunded,2025-12-30
885,885,Cash on Delivery,Failed,2024-12-07
886,886,UPI,Refunded,2025-06-30
887,887,Credit Card,Success,2023-10-19
888,888,UPI,Pending,2023-08-23
889,889,UPI,Success,2025-06-10
890,890,UPI,Failed,2025-10-28
891,891,Cash on Delivery,Refunded,2024-12-11
892,892,UPI,Success,2024-08-13
893,893,Debit Card,Failed,2025-11-28
894,894,UPI,Refunded,2026-03-09
895,895,Credit Card,Refunded,2024-01-25
896,896,Wallet,Success,2025-12-30
897,897,Debit Card,Pending,2024-06-20
898,898,UPI,Success,2024-09-23
899,899,Debit Card,Failed,2026-06-01
900,900,Net Banking,Failed,2026-01-10
901,901,UPI,Pending,2024-05-27
902,902,Wallet,Pending,2025-04-22
903,903,Credit Card,Refunded,2026-07-02
904,904,Credit Card,Refunded,2025-07-16
905,905,Debit Card,Refunded,2024-09-03
906,906,Net Banking,Success,2025-08-04
907,907,Debit Card,Failed,2026-03-14
908,908,Wallet,Refunded,2025-01-20
909,909,Net Banking,Success,2024-09-08
910,910,UPI,Failed,2023-10-07
911,911,Net Banking,Success,2026-01-09
912,912,Net Banking,Failed,2025-04-19
913,913,Debit Card,Success,2024-06-04
914,914,Credit Card,Pending,2025-07-11
915,915,Wallet,Refunded,2024-06-29
916,916,Credit Card,Pending,2025-02-20
917,917,Credit Card,Failed,2025-11-21
918,918,Debit Card,Success,2025-06-07
919,919,Cash on Delivery,Refunded,2026-05-21
920,920,Wallet,Success,2024-01-27
921,921,Credit Card,Pending,2026-04-13
922,922,Debit Card,Failed,2024-08-13
923,923,Cash on Delivery,Failed,2023-11-16
924,924,UPI,Success,2023-11-12
925,925,Credit Card,Failed,2025-12-01
926,926,UPI,Success,2024-09-01
927,927,UPI,Refunded,2025-02-28
928,928,Debit Card,Refunded,2025-01-15
929,929,Wallet,Pending,2024-09-17
930,930,Credit Card,Success,2024-12-15
931,931,Credit Card,Refunded,2025-07-31
932,932,Net Banking,Failed,2024-08-23
933,933,UPI,Success,2025-01-21
934,934,Wallet,Success,2024-03-30
935,935,UPI,Success,2023-12-06
936,936,Wallet,Pending,2023-11-23
937,937,Cash on Delivery,Pending,2025-09-03
938,938,Credit Card,Success,2025-09-13
939,939,Wallet,Pending,2026-01-08
940,940,Wallet,Success,2025-11-12
941,941,Wallet,Pending,2023-08-25
942,942,Debit Card,Refunded,2025-11-25
943,943,Debit Card,Pending,2025-04-19
944,944,Cash on Delivery,Success,2025-01-03
945,945,Debit Card,Success,2026-05-17
946,946,Wallet,Success,2024-01-24
947,947,Debit Card,Failed,2023-08-27
948,948,Wallet,Pending,2025-09-12
949,949,Debit Card,Failed,2026-01-07
950,950,Credit Card,Pending,2024-12-08
951,951,Cash on Delivery,Failed,2026-06-06
952,952,Cash on Delivery,Success,2025-02-27
953,953,Debit Card,Pending,2025-04-05
954,954,Debit Card,Failed,2024-02-11
955,955,Net Banking,Failed,2024-06-18
956,956,Wallet,Pending,2026-01-06
957,957,Debit Card,Failed,2026-01-19
958,958,Wallet,Success,2025-12-08
959,959,Net Banking,Success,2026-01-05
960,960,Wallet,Failed,2025-07-14
961,961,Net Banking,Failed,2024-09-06
962,962,Debit Card,Pending,2026-03-30
963,963,UPI,Pending,2025-07-06
964,964,Credit Card,Success,2024-07-13
965,965,UPI,Pending,2024-04-26
966,966,Credit Card,Failed,2023-11-27
967,967,Wallet,Pending,2024-08-03
968,968,Net Banking,Pending,2026-05-06
969,969,Credit Card,Pending,2025-01-20
970,970,Debit Card,Pending,2025-09-02
971,971,Credit Card,Failed,2025-12-15
972,972,UPI,Pending,2025-03-25
973,973,UPI,Failed,2023-09-17
974,974,Net Banking,Pending,2025-12-11
975,975,Wallet,Failed,2024-02-10
976,976,Net Banking,Success,2024-07-12
977,977,Debit Card,Refunded,2024-07-27
978,978,Wallet,Refunded,2024-03-20
979,979,Cash on Delivery,Pending,2023-10-03
980,980,Debit Card,Success,2025-12-17
981,981,Cash on Delivery,Refunded,2023-11-23
982,982,Cash on Delivery,Failed,2025-07-12
983,983,UPI,Pending,2026-06-29
984,984,Credit Card,Refunded,2025-09-02
985,985,Cash on Delivery,Pending,2026-02-13
986,986,Credit Card,Failed,2023-08-10
987,987,Cash on Delivery,Refunded,2023-08-22
988,988,Credit Card,Success,2025-06-23
989,989,Net Banking,Failed,2026-03-21
990,990,UPI,Success,2024-06-29
991,991,Wallet,Pending,2025-04-05
992,992,Cash on Delivery,Pending,2025-04-25
993,993,Debit Card,Pending,2024-10-11
994,994,Credit Card,Pending,2026-04-30
995,995,Cash on Delivery,Failed,2024-10-24
996,996,Wallet,Refunded,2024-03-08
997,997,Wallet,Success,2023-07-08
998,998,Credit Card,Failed,2025-04-27
999,999,UPI,Success,2023-07-09
1000,1000,Credit Card,Refunded,2026-05-11
